,word1,word2,POS,result,conc(w1),conc(w2),concQ,Assoc(USF),SimAssoc333,SD(SimLex),bert_cos
0,old,new,A,1.58,2.72,2.81,2,7.25,1,0.41,
1,smart,intelligent,A,9.2,1.75,2.46,1,7.11,1,0.67,
2,hard,difficult,A,8.77,3.76,2.21,2,5.94,1,1.19,
3,happy,cheerful,A,9.55,2.56,2.34,1,5.85,1,2.18,
4,hard,easy,A,0.95,3.76,2.07,2,5.82,1,0.93,
5,fast,rapid,A,8.75,3.32,3.07,2,5.66,1,1.68,
6,happy,glad,A,9.17,2.56,2.36,1,5.49,1,1.59,
7,short,long,A,1.23,3.61,3.18,2,5.36,1,1.58,
8,stupid,dumb,A,9.58,1.75,2.36,1,5.26,1,1.48,0.5872436165809631
9,weird,strange,A,8.93,1.59,1.86,1,4.26,1,1.3,
10,wide,narrow,A,1.03,3.06,3.04,2,4.06,1,0.58,
11,bad,awful,A,8.42,1.68,1.92,1,3.41,1,1.74,
12,easy,difficult,A,0.58,2.07,2.21,1,2.83,1,0.36,
13,bad,terrible,A,7.78,1.68,2.04,1,2.31,1,1.43,
14,hard,simple,A,1.38,3.76,1.62,2,2.16,1,1.03,
15,smart,dumb,A,0.55,1.75,2.36,1,2.1,1,0.47,
16,insane,crazy,A,9.57,1.77,2.37,1,2.09,1,0.92,0.9999997019767761
17,happy,mad,A,0.95,2.56,2.76,2,2.07,1,1.4,
18,large,huge,A,9.47,3.37,3.54,2,2.0,1,1.27,
19,hard,tough,A,8.05,3.76,2.5,2,1.99,1,1.18,
20,new,fresh,A,6.83,2.81,1.97,1,1.98,1,1.2,
21,sharp,dull,A,0.6,3.86,2.37,2,1.48,1,1.39,
22,quick,rapid,A,9.7,2.89,3.07,2,1.38,1,1.14,
23,dumb,foolish,A,6.67,2.36,1.84,1,1.34,1,1.36,
24,wonderful,terrific,A,8.63,1.82,2.07,1,1.17,1,1.63,
25,strange,odd,A,9.02,1.86,1.7,1,1.16,1,1.04,
26,happy,angry,A,1.28,2.56,2.53,1,1.15,1,1.41,
27,narrow,broad,A,1.18,3.04,2.45,2,1.0,1,1.18,
28,simple,easy,A,9.4,1.62,2.07,1,0.96,1,1.51,
29,old,fresh,A,0.87,2.72,1.97,1,0.91,1,1.64,
30,apparent,obvious,A,8.47,1.73,2.07,1,0.89,1,1.52,
31,inexpensive,cheap,A,8.72,2.22,2.11,1,0.79,1,0.81,
32,nice,generous,A,5.0,2.18,2.25,1,0.77,1,1.14,
33,weird,normal,A,0.72,1.59,1.4,1,0.76,1,1.15,
34,weird,odd,A,9.2,1.59,1.7,1,0.75,1,1.27,
35,bad,immoral,A,7.62,1.68,1.59,1,0.74,1,0.98,
36,sad,funny,A,0.95,3.07,2.5,2,0.74,1,1.28,0.5554423928260803
37,wonderful,great,A,8.05,1.82,1.81,1,0.7,1,1.05,
38,guilty,ashamed,A,6.38,2.36,1.74,1,0.69,1,0.47,
39,beautiful,wonderful,A,6.5,2.16,1.82,1,0.68,1,0.85,
40,confident,sure,A,8.27,2.62,1.73,1,0.68,1,1.21,
41,dumb,dense,A,7.27,2.36,3.14,2,0.68,1,0.43,0.5330821871757507
42,large,big,A,9.55,3.37,3.66,2,0.68,1,0.44,
43,nice,cruel,A,0.67,2.18,2.11,1,0.49,1,1.53,0.5838161110877991
44,impatient,anxious,A,6.03,2.38,1.68,1,0.47,1,1.22,
45,big,broad,A,6.73,3.66,2.45,2,0.47,1,1.68,
46,strong,proud,A,3.17,3.14,2.07,2,0.42,0,1.46,
47,unnecessary,necessary,A,0.63,1.56,1.8,1,0.41,0,0.61,
48,restless,young,A,1.6,2.46,3.16,2,0.41,0,0.85,
49,dumb,intelligent,A,0.75,2.36,2.46,1,0.37,0,1.5,0.5700858235359192
50,bad,great,A,0.35,1.68,1.81,1,0.35,0,1.49,
51,difficult,simple,A,0.87,2.21,1.62,1,0.34,0,0.44,
52,necessary,important,A,7.37,1.8,2.14,1,0.34,0,1.36,
53,bad,terrific,A,0.65,1.68,2.07,1,0.28,0,1.43,
54,mad,glad,A,1.45,2.76,2.36,1,0.28,0,1.17,
55,honest,guilty,A,1.18,1.66,2.36,1,0.27,0,1.68,
56,easy,tough,A,0.52,2.07,2.5,1,0.27,0,1.87,
57,easy,flexible,A,4.1,2.07,2.64,1,0.27,0,1.08,
58,certain,sure,A,8.42,1.68,1.73,1,0.23,0,1.29,
59,essential,necessary,A,8.97,1.52,1.8,1,0.21,0,1.11,
60,different,normal,A,1.08,1.97,1.4,1,0.21,0,1.75,
61,sly,clever,A,7.25,2.03,1.79,1,0.21,0,1.41,
62,crucial,important,A,8.82,2.08,2.14,1,0.21,0,1.25,
63,harsh,cruel,A,8.18,2.23,2.11,1,0.21,0,1.66,
64,childish,foolish,A,5.5,2.52,1.84,1,0.21,0,1.45,
65,scarce,rare,A,9.17,2.57,1.96,1,0.21,0,1.21,
66,friendly,generous,A,5.9,2.32,2.25,1,0.21,0,0.6,
67,fragile,frigid,A,2.38,2.86,3.28,2,0.21,0,0.84,
68,long,narrow,A,3.57,3.18,3.04,2,0.21,0,1.62,
69,big,heavy,A,6.18,3.66,3.37,2,0.21,0,1.54,
70,rough,frigid,A,2.47,3.83,3.28,2,0.21,0,1.37,
71,bizarre,strange,A,9.37,1.79,1.86,1,0.2,0,1.54,
72,illegal,immoral,A,4.28,2.37,1.59,1,0.2,0,1.57,
73,bad,guilty,A,4.2,1.68,2.36,1,0.2,0,1.47,
74,modern,ancient,A,0.73,2.31,2.04,1,0.2,0,0.71,
75,new,ancient,A,0.23,2.81,2.04,1,0.2,0,0.46,
76,dull,funny,A,0.55,2.37,2.5,1,0.2,0,1.76,
77,happy,young,A,2.0,2.56,3.16,2,0.2,0,0.47,
78,easy,big,A,1.12,2.07,3.66,2,0.2,0,1.22,
79,great,awful,A,1.17,1.81,1.92,1,0.15,0,1.53,
80,tiny,huge,A,0.6,3.11,3.54,2,0.15,0,0.59,
81,polite,proper,A,7.63,1.85,1.78,1,0.14,0,1.42,
82,modest,ashamed,A,2.65,2.21,1.74,1,0.14,0,1.0,0.5318434834480286
83,exotic,rare,A,8.05,2.11,1.96,1,0.14,0,0.93,
84,dumb,clever,A,1.17,2.36,1.79,1,0.14,0,1.3,
85,delightful,wonderful,A,8.65,2.38,1.82,1,0.14,0,1.29,
86,noticeable,obvious,A,8.48,2.29,2.07,1,0.14,0,1.69,
87,afraid,anxious,A,5.07,2.7,1.68,1,0.14,0,1.28,
88,formal,proper,A,8.02,2.7,1.78,1,0.14,0,1.31,
89,dreary,dull,A,8.25,2.33,2.37,1,0.14,0,1.85,
90,delightful,cheerful,A,6.58,2.38,2.34,1,0.14,0,1.56,
91,unhappy,mad,A,5.95,2.04,2.76,1,0.14,0,1.36,
92,sad,terrible,A,5.4,3.07,2.04,1,0.14,0,0.44,
93,sick,crazy,A,3.57,2.97,2.37,2,0.14,0,0.95,
94,violent,angry,A,6.98,3.1,2.53,2,0.14,0,1.55,0.7518081068992615
95,laden,heavy,A,5.9,2.96,3.37,2,0.14,0,1.28,
96,dirty,cheap,A,1.6,4.23,2.11,2,0.14,0,1.1,
97,elastic,flexible,A,7.78,3.73,2.64,2,0.14,0,1.09,
98,hard,dense,A,5.9,3.76,3.14,2,0.14,0,1.0,
99,recent,new,A,7.05,2.5,2.81,2,0.13,0,1.05,
100,bold,proud,A,3.97,2.43,2.07,1,0.12,0,1.36,
101,sly,strange,A,1.97,2.03,1.86,1,0.0,0,1.07,
102,strange,sly,A,2.07,1.86,2.03,1,0.0,0,0.51,
103,dumb,rare,A,0.48,2.36,1.96,1,0.0,0,1.55,
104,sly,tough,A,0.58,2.03,2.5,1,0.0,0,1.01,
105,terrific,mad,A,0.4,2.07,2.76,1,0.0,0,0.86,
106,modest,flexible,A,0.98,2.21,2.64,1,0.0,0,1.89,
107,fresh,wide,A,0.4,1.97,3.06,1,0.0,0,1.41,
108,huge,dumb,A,0.48,3.54,2.36,2,0.0,0,0.91,
109,large,flexible,A,0.48,3.37,2.64,2,0.0,0,1.59,
110,dirty,narrow,A,0.3,4.23,3.04,2,0.0,0,0.89,
111,wife,husband,N,2.3,4.13,4.11,3,8.85,1,0.84,0.8994395136833191
112,book,text,N,6.35,4.9,4.93,4,8.81,1,1.43,
113,groom,bride,N,3.17,4.54,4.63,3,8.65,1,0.68,0.9109238982200623
114,night,day,N,1.88,4.52,3.92,3,8.19,1,1.17,0.4390905499458313
115,south,north,N,2.2,3.84,4.14,3,7.72,1,0.59,0.9850153923034668
116,plane,airport,N,3.65,4.92,4.87,4,7.57,1,1.07,
117,uncle,aunt,N,5.5,4.24,4.17,3,7.46,1,1.63,0.7626270055770874
118,horse,mare,N,8.33,5.0,4.75,4,7.4,1,0.73,0.6732096076011658
119,bottom,top,N,0.7,4.25,3.93,3,6.96,1,1.16,
120,friend,buddy,N,8.78,3.07,3.48,2,6.87,1,0.93,
121,student,pupil,N,9.35,4.92,4.55,3,6.83,1,1.11,0.6018229722976685
122,world,globe,N,6.67,4.36,4.59,3,6.79,1,0.67,0.6828950047492981
123,leg,arm,N,2.88,4.83,4.96,4,6.73,1,0.79,0.7477695941925049
124,plane,jet,N,8.1,4.92,4.77,4,6.62,1,1.24,
125,woman,man,N,3.33,4.46,4.79,3,6.6,1,1.42,0.8556720614433289
126,horse,colt,N,7.07,5.0,4.96,4,6.54,1,0.84,
127,actress,actor,N,7.12,4.54,4.57,3,5.78,1,1.3,0.9999990463256836
128,teacher,instructor,N,9.25,4.52,4.26,3,5.66,1,1.53,
129,movie,film,N,8.87,4.59,4.71,3,5.43,1,1.72,0.5441162586212158
130,bird,hawk,N,7.85,5.0,4.93,4,5.29,1,0.91,0.7426594495773315
131,word,dictionary,N,3.68,3.56,4.62,3,5.2,1,1.56,0.8316839337348938
132,money,salary,N,7.88,4.54,3.69,3,5.16,1,1.11,0.8494727611541748
133,dog,cat,N,1.75,4.85,4.86,4,5.13,1,1.3,0.8289273977279663
134,area,region,N,9.47,3.72,3.19,2,5.12,1,0.58,0.7255488634109497
135,navy,army,N,6.43,3.93,4.7,3,5.0,1,0.53,0.8146783113479614
136,book,literature,N,7.53,4.9,4.1,3,4.86,1,0.45,0.7436211705207825
137,clothes,closet,N,3.27,4.76,4.83,4,4.83,1,1.29,0.8052301406860352
138,sunset,sunrise,N,2.47,4.54,4.69,3,4.8,1,1.12,0.8779633641242981
139,child,adult,N,2.98,4.78,4.4,3,4.59,1,1.48,0.8639004230499268
140,cow,cattle,N,9.52,4.96,4.64,4,4.39,1,0.79,0.9999993443489075
141,book,story,N,5.63,4.9,3.3,3,4.19,1,0.78,
142,winter,summer,N,2.38,3.84,3.64,3,3.96,1,0.47,0.8814189434051514
143,taxi,cab,N,9.2,4.93,4.88,4,3.86,1,1.23,
144,tree,maple,N,5.53,5.0,4.46,3,3.67,1,1.19,0.7801661491394043
145,bed,bedroom,N,3.4,5.0,4.9,4,3.53,1,1.25,0.7996839880943298
146,roof,ceiling,N,7.58,4.79,4.85,4,3.5,1,0.77,0.8196097612380981
147,disease,infection,N,7.15,3.45,4.1,3,3.45,1,1.08,0.8436164259910583
148,arm,shoulder,N,4.85,4.96,4.93,4,3.35,1,1.81,0.8861079812049866
149,sheep,lamb,N,8.42,4.9,4.97,4,3.33,1,1.51,
150,lady,gentleman,N,3.42,4.33,3.57,3,3.29,1,1.08,0.817343533039093
151,boat,anchor,N,2.25,4.93,4.77,4,3.25,1,1.1,0.8226670026779175
152,priest,monk,N,6.28,4.77,4.35,3,3.23,1,0.61,0.8048425316810608
153,toe,finger,N,4.68,4.93,5.0,4,3.22,1,0.55,0.7741490602493286
154,river,stream,N,7.3,4.89,4.5,3,3.21,1,0.81,0.8723524212837219
155,anger,fury,N,8.73,2.41,2.89,2,3.06,1,1.89,
156,date,calendar,N,4.42,3.9,4.62,3,3.05,1,1.5,
157,sea,ocean,N,8.27,4.79,4.86,4,2.91,1,1.3,0.57940673828125
158,second,minute,N,4.62,3.3,3.04,2,2.84,1,1.15,0.9121419787406921
159,hand,thumb,N,3.88,4.72,4.96,4,2.84,1,0.44,0.7372279167175293
160,wood,log,N,7.3,4.85,4.96,4,2.79,1,0.87,
161,mud,dirt,N,7.32,4.86,4.86,4,2.76,1,0.48,0.5860710144042969
162,hallway,corridor,N,9.28,4.74,4.72,3,2.7,1,0.76,
163,way,manner,N,7.62,2.34,1.62,1,2.56,1,0.44,
164,mouse,cat,N,1.12,4.83,4.86,4,2.56,1,1.02,0.7802997827529907
165,cop,sheriff,N,9.05,4.3,4.5,3,2.54,1,1.55,
166,death,burial,N,4.93,3.73,3.93,3,2.46,1,1.88,0.6998379230499268
167,music,melody,N,6.98,4.31,3.71,3,2.43,1,1.36,0.7552504539489746
168,beer,alcohol,N,7.5,4.88,4.76,4,2.4,1,1.07,0.5009502172470093
169,mouth,lip,N,7.1,4.74,4.96,4,2.28,1,1.4,0.8415970802307129
170,storm,hurricane,N,6.38,4.7,4.59,3,2.27,1,0.9,0.6953144669532776
171,tax,income,N,2.38,3.89,3.07,2,2.25,1,1.15,0.8536184430122375
172,flower,violet,N,6.95,5.0,4.48,4,2.22,1,1.72,
173,paper,cardboard,N,5.38,4.93,4.9,4,2.2,1,1.22,0.8211023807525635
174,floor,ceiling,N,1.73,4.8,4.85,4,2.18,1,0.97,0.8633766770362854
175,beach,seashore,N,8.33,4.79,4.63,3,2.15,1,0.47,
176,rod,curtain,N,3.03,4.43,4.82,3,2.13,1,0.39,
177,hound,fox,N,2.38,4.48,4.97,3,2.13,1,1.36,0.7266262173652649
178,street,alley,N,5.48,4.75,4.82,4,2.07,1,1.62,0.8217517733573914
179,boat,deck,N,4.28,4.93,4.77,4,2.04,1,1.39,
180,car,horn,N,2.57,4.89,5.0,4,2.04,1,0.79,
181,friend,guest,N,4.25,3.07,3.83,2,1.97,1,1.41,
182,employer,employee,N,3.65,3.81,4.1,3,1.96,1,0.95,0.9999995231628418
183,hand,wrist,N,3.97,4.72,4.93,4,1.96,1,1.32,0.8171949982643127
184,ball,cannon,N,2.58,5.0,4.79,4,1.96,1,1.82,0.7468404769897461
185,alcohol,brandy,N,6.98,4.76,4.81,4,1.93,1,0.57,0.6439303159713745
186,victory,triumph,N,8.98,2.55,2.17,1,1.9,1,0.94,
187,telephone,booth,N,3.63,4.96,4.42,3,1.88,1,1.1,
188,door,doorway,N,5.4,4.81,4.75,4,1.88,1,1.86,
189,motel,inn,N,8.17,4.93,4.64,4,1.86,1,0.39,0.797153890132904
190,clothes,cloth,N,5.47,4.76,4.9,4,1.82,1,1.43,0.7807058095932007
191,steak,meat,N,7.47,4.96,4.9,4,1.81,1,1.34,0.7986724972724915
192,nail,thumb,N,3.55,4.93,4.96,4,1.76,1,1.16,
193,band,orchestra,N,7.08,4.68,4.79,4,1.75,1,1.36,
194,book,bible,N,5.0,4.9,4.61,4,1.74,1,1.43,0.7153385877609253
195,business,industry,N,7.02,3.28,3.29,2,1.73,1,1.1,0.8711654543876648
196,winter,season,N,6.27,3.84,3.32,2,1.71,1,1.76,0.7723565101623535
197,decade,century,N,3.48,3.19,2.83,2,1.64,1,1.36,0.9389926791191101
198,alcohol,gin,N,8.65,4.76,4.46,3,1.64,1,1.17,0.5616402626037598
199,hat,coat,N,2.67,4.88,4.97,4,1.62,1,1.76,0.8594385981559753
200,window,door,N,3.33,4.86,4.81,4,1.56,1,1.6,0.8699623942375183
201,arm,wrist,N,3.57,4.96,4.93,4,1.55,1,1.33,0.8776190876960754
202,house,apartment,N,5.8,5.0,4.9,4,1.54,1,1.4,0.7890003323554993
203,glass,crystal,N,6.27,4.82,4.58,3,1.52,1,1.48,0.8146370053291321
204,wine,brandy,N,5.15,4.79,4.81,4,1.52,1,1.67,0.75001460313797
205,creator,maker,N,9.62,3.07,3.9,2,1.51,1,1.4,
206,dinner,breakfast,N,3.33,4.5,4.43,3,1.49,1,1.72,0.7652743458747864
207,arm,muscle,N,3.72,4.96,4.5,3,1.45,1,0.83,0.6635916233062744
208,bubble,suds,N,8.57,4.6,4.59,3,1.42,1,1.59,
209,bread,flour,N,3.33,4.92,4.97,4,1.42,1,1.25,0.8492547273635864
210,death,tragedy,N,5.8,3.73,2.07,2,1.41,1,1.13,0.6612690091133118
211,absence,presence,N,0.4,2.31,2.72,1,1.38,1,1.5,
212,gun,cannon,N,5.68,4.83,4.79,4,1.35,1,1.56,0.8548115491867065
213,grass,blade,N,4.57,4.93,4.93,4,1.34,1,1.53,0.6045689582824707
214,ball,basket,N,1.67,5.0,5.0,4,1.33,1,1.08,0.8131083846092224
215,hose,garden,N,1.67,4.87,4.73,4,1.32,1,1.1,0.7295236587524414
216,boy,kid,N,7.5,4.76,4.56,3,1.28,1,1.44,
217,church,choir,N,2.95,4.9,4.34,3,1.27,1,1.43,
218,clothes,drawer,N,3.02,4.76,4.67,3,1.27,1,1.49,
219,tower,bell,N,1.9,4.76,4.96,4,1.22,1,1.41,0.6295268535614014
220,father,parent,N,7.07,4.52,4.56,3,1.19,1,1.06,0.8020452857017517
221,school,grade,N,4.42,4.79,3.0,3,1.18,1,1.32,
222,parent,adult,N,5.37,4.56,4.4,3,1.15,1,1.6,0.7032235860824585
223,bar,jail,N,1.9,4.67,4.83,4,1.15,1,1.12,0.8320173025131226
224,car,highway,N,3.4,4.89,4.72,4,1.15,1,1.77,0.7894977927207947
225,dictionary,definition,N,6.25,4.62,3.07,3,1.14,1,1.06,0.8201205134391785
226,door,cellar,N,1.97,4.81,4.68,4,1.13,1,1.47,
227,army,legion,N,5.95,4.7,2.69,2,1.11,1,1.29,
228,metal,aluminum,N,7.25,4.87,4.88,4,1.1,1,1.76,0.72234708070755
229,chair,bench,N,6.67,4.58,4.87,3,1.09,1,1.22,
230,cloud,fog,N,6.0,4.54,4.66,3,1.05,1,1.04,0.9112441539764404
231,boy,son,N,6.75,4.76,4.14,3,1.03,1,0.88,0.7137089967727661
232,water,ice,N,6.47,5.0,4.89,4,1.03,1,1.66,0.6935734748840332
233,bed,blanket,N,3.02,5.0,5.0,4,1.02,1,1.48,0.8480010628700256
234,attorney,lawyer,N,9.35,4.52,4.7,3,1.01,1,1.4,
235,area,zone,N,8.33,3.72,3.07,2,0.97,1,0.89,
236,business,company,N,9.02,3.28,4.11,3,0.97,1,0.47,0.7952502965927124
237,clothes,fabric,N,5.87,4.76,4.63,3,0.96,1,1.66,0.7807058095932007
238,sweater,jacket,N,7.15,4.78,4.86,4,0.96,1,1.13,0.8527688980102539
239,money,capital,N,6.67,4.54,4.1,3,0.95,1,0.97,
240,hand,foot,N,4.17,4.72,4.9,4,0.95,1,1.41,0.8496792316436768
241,alcohol,cocktail,N,6.73,4.76,4.4,3,0.93,1,1.2,0.6459539532661438
242,yard,inch,N,3.78,4.82,4.37,3,0.93,1,1.4,0.9494407176971436
243,molecule,atom,N,6.45,3.27,3.34,2,0.92,1,1.56,0.8271382451057434
244,lens,camera,N,4.28,4.64,5.0,4,0.9,1,1.89,0.8472232818603516
245,meal,dinner,N,7.15,4.62,4.5,3,0.88,1,2.0,0.8444874882698059
246,eye,tear,N,3.55,4.9,4.56,3,0.88,1,1.48,
247,god,devil,N,1.8,2.07,3.41,2,0.87,1,1.1,0.8095431923866272
248,loop,belt,N,3.1,4.26,4.9,3,0.87,1,1.74,
249,rat,mouse,N,7.78,4.85,4.83,4,0.87,1,0.93,0.8032004833221436
250,motor,engine,N,8.65,4.84,4.86,4,0.87,1,1.47,1.0000004768371582
251,car,cab,N,7.42,4.89,4.88,4,0.87,1,1.15,
252,cat,lion,N,6.75,4.86,4.96,4,0.85,1,0.84,0.8189610242843628
253,size,magnitude,N,6.33,3.13,2.43,2,0.84,1,0.59,
254,reality,fantasy,N,1.03,1.72,1.59,1,0.83,1,0.89,0.6556831002235413
255,door,gate,N,5.25,4.81,4.96,4,0.83,1,1.47,0.8799455165863037
256,cat,pet,N,5.95,4.86,4.71,4,0.82,1,1.41,0.6677349805831909
257,tin,aluminum,N,6.42,4.87,4.88,4,0.82,1,1.3,0.8937414288520813
258,bone,jaw,N,4.17,4.9,4.87,4,0.82,1,0.44,0.8432376384735107
259,cereal,wheat,N,3.75,4.83,4.89,4,0.81,1,1.72,0.8136382102966309
260,house,key,N,1.9,5.0,4.89,4,0.8,1,1.09,
261,blood,flesh,N,4.28,4.86,4.59,3,0.79,1,1.74,0.7663223147392273
262,door,corridor,N,3.73,4.81,4.72,4,0.79,1,1.11,
263,god,spirit,N,7.3,2.07,1.6,1,0.77,1,1.63,
264,capability,competence,N,7.62,1.93,1.78,1,0.77,1,0.84,
265,abundance,plenty,N,8.97,2.21,2.39,1,0.77,1,1.02,
266,sofa,chair,N,6.67,4.9,4.58,4,0.77,1,1.56,0.5792494416236877
267,wall,brick,N,4.68,4.86,4.83,4,0.77,1,1.16,0.8198708891868591
268,horn,drum,N,2.68,5.0,4.96,4,0.77,1,0.47,
269,organ,liver,N,6.15,4.77,4.68,3,0.76,1,1.12,
270,strength,might,N,7.07,2.96,2.32,2,0.74,1,0.8,
271,phrase,word,N,5.48,2.86,3.56,2,0.74,1,1.73,0.9082416892051697
272,band,parade,N,3.92,4.68,4.54,3,0.74,1,1.74,
273,stomach,waist,N,5.9,4.89,4.72,4,0.74,1,1.49,0.7219287753105164
274,cloud,storm,N,5.6,4.54,4.7,3,0.73,1,1.47,0.7754833698272705
275,joy,pride,N,5.0,2.37,1.66,1,0.72,1,0.9,0.7491262555122375
276,noise,rattle,N,6.17,3.52,4.07,3,0.72,1,1.33,
277,rain,mist,N,5.97,4.97,4.51,4,0.71,1,1.83,0.8590537905693054
278,beer,beverage,N,5.42,4.88,4.6,4,0.71,1,1.34,0.6716801524162292
279,man,uncle,N,3.92,4.79,4.24,3,0.7,1,1.36,0.6450961828231812
280,apple,juice,N,2.88,5.0,4.89,4,0.7,1,1.65,0.7543565630912781
281,intelligence,logic,N,6.5,2.24,1.72,1,0.68,1,1.2,0.7000541687011719
282,communication,language,N,7.47,2.9,2.35,2,0.68,1,1.09,0.7837011218070984
283,mink,fur,N,6.83,4.58,4.69,3,0.68,1,0.39,0.6690830588340759
284,mob,crowd,N,7.85,3.88,4.52,3,0.67,1,1.2,
285,shore,coast,N,8.83,4.79,4.21,3,0.67,1,1.53,0.9343785643577576
286,wire,cord,N,7.62,4.72,4.63,3,0.67,1,1.35,
287,bird,turkey,N,6.58,5.0,4.89,4,0.67,1,1.6,0.6083387136459351
288,bed,crib,N,7.3,5.0,4.86,4,0.65,1,1.56,
289,competence,ability,N,7.5,1.78,1.81,1,0.63,1,0.6,
290,cloud,haze,N,7.32,4.54,4.04,3,0.63,1,1.68,0.8267637491226196
291,supper,meal,N,7.53,4.63,4.62,3,0.63,1,0.47,0.7033476829528809
292,bar,cage,N,2.8,4.67,5.0,4,0.63,1,0.51,0.7910444736480713
293,water,salt,N,1.3,5.0,4.89,4,0.63,1,0.94,0.7782003283500671
294,sense,intuition,N,7.68,2.61,1.67,1,0.62,1,1.24,0.8177537322044373
295,situation,condition,N,6.58,2.03,2.15,1,0.61,1,1.41,
296,crime,theft,N,7.53,3.03,2.93,2,0.61,1,1.32,0.81392902135849
297,style,fashion,N,8.5,2.67,3.43,2,0.61,1,0.87,
298,boundary,border,N,9.08,3.04,4.29,2,0.61,1,0.44,
299,arm,body,N,4.05,4.96,4.79,4,0.61,1,0.51,
300,boat,car,N,2.37,4.93,4.89,4,0.61,1,1.17,0.8057070970535278
301,sandwich,lunch,N,6.3,4.9,4.31,3,0.58,1,1.53,0.7500770688056946
302,bride,princess,N,2.8,4.63,4.72,3,0.58,1,0.92,0.6423512101173401
303,heroine,hero,N,8.78,4.21,3.07,2,0.56,1,1.79,1.0000003576278687
304,car,gauge,N,1.13,4.89,4.0,3,0.56,1,1.47,
305,insect,bee,N,6.07,4.89,4.88,4,0.55,1,1.34,0.7820509076118469
306,crib,cradle,N,8.55,4.86,4.93,4,0.55,1,1.15,
307,animal,person,N,3.05,4.61,4.72,3,0.54,1,1.38,0.6021791696548462
308,marijuana,herb,N,6.5,4.89,4.57,3,0.54,1,0.59,0.8128466606140137
309,bed,hospital,N,0.92,5.0,4.64,4,0.54,1,1.35,0.7347589731216431
310,cheek,tongue,N,4.52,4.83,4.93,4,0.54,1,0.47,0.7676149010658264
311,disc,computer,N,3.2,4.85,4.93,4,0.54,1,0.44,
312,curve,angle,N,3.33,4.41,3.5,3,0.53,1,1.51,0.8342010378837585
313,grass,moss,N,5.0,4.93,4.9,4,0.53,1,1.27,0.7716346979141235
314,school,law,N,1.13,4.79,2.57,2,0.52,1,1.49,0.767690896987915
315,foot,head,N,2.3,4.9,4.75,4,0.52,1,0.62,0.7709746956825256
316,mother,guardian,N,6.5,4.6,3.28,3,0.51,1,1.13,0.33299267292022705
317,orthodontist,dentist,N,8.27,4.43,4.93,3,0.51,1,1.47,0.8888716697692871
318,alcohol,whiskey,N,7.27,4.76,4.74,4,0.51,1,1.19,0.6231570839881897
319,mouth,tooth,N,6.3,4.74,4.89,4,0.51,1,1.39,0.8827481865882874
320,breakfast,bacon,N,4.37,4.43,4.9,3,0.5,1,1.46,0.6176357865333557
321,bathroom,bedroom,N,3.4,4.52,4.9,3,0.5,1,1.73,0.8394823670387268
322,plate,bowl,N,5.23,4.77,4.87,4,0.5,1,1.46,
323,meat,bacon,N,5.8,4.9,4.9,4,0.5,1,1.5,0.7911126613616943
324,air,helium,N,3.63,4.11,3.96,3,0.49,1,1.59,
325,worker,employer,N,5.37,4.59,3.81,3,0.49,1,1.4,0.7927095890045166
326,body,chest,N,4.45,4.79,4.93,4,0.49,1,1.45,
327,son,father,N,3.82,4.14,4.52,3,0.48,1,1.75,0.8443098068237305
328,heart,surgery,N,1.08,4.52,4.34,3,0.48,1,1.07,0.6675857305526733
329,woman,secretary,N,1.98,4.46,4.54,3,0.48,1,1.6,0.635345458984375
330,man,father,N,4.83,4.79,4.52,3,0.48,1,1.62,0.7608339786529541
331,beach,island,N,5.6,4.79,4.96,4,0.48,1,0.39,0.8500236868858337
332,story,topic,N,5.0,3.3,2.59,2,0.47,1,1.7,
333,game,fun,N,3.42,4.5,1.97,2,0.47,1,2.07,0.7790491580963135
334,weekend,week,N,4.0,3.83,3.48,2,0.47,1,1.57,0.7373431921005249
335,couple,pair,N,8.33,3.93,3.88,3,0.47,1,1.5,
336,woman,wife,N,5.72,4.46,4.13,3,0.47,1,1.35,0.8002834916114807
337,sheep,cattle,N,4.77,4.9,4.64,4,0.47,1,0.47,0.8677853345870972
338,purse,bag,N,8.33,4.9,4.9,4,0.47,1,1.39,
339,ceiling,cathedral,N,2.42,4.85,4.86,4,0.46,1,1.57,0.6339007019996643
340,bean,coffee,N,5.15,5.0,4.81,4,0.46,1,1.52,0.8320867419242859
341,wood,paper,N,2.88,4.85,4.93,4,0.44,0,1.55,0.8081796169281006
342,top,side,N,1.9,3.93,3.68,3,0.43,0,1.29,0.6164457201957703
343,crime,fraud,N,5.65,3.03,1.68,1,0.42,0,1.18,0.8401938080787659
344,pain,harm,N,5.38,3.5,2.62,2,0.42,0,0.95,0.6087197065353394
345,lover,companion,N,5.97,3.68,3.75,3,0.42,0,0.8,
346,evening,dusk,N,7.78,3.26,4.24,3,0.42,0,1.32,0.8380354642868042
347,father,daughter,N,2.62,4.52,4.79,3,0.42,0,1.69,0.8318424820899963
348,wine,liquor,N,7.85,4.79,4.73,4,0.42,0,0.78,0.8092886209487915
349,cow,goat,N,2.93,4.96,5.0,4,0.42,0,0.59,0.773152768611908
350,belief,opinion,N,7.7,1.19,1.93,1,0.41,0,1.24,0.7871114611625671
351,reality,illusion,N,1.42,1.72,2.48,1,0.41,0,1.36,0.723321259021759
352,pact,agreement,N,9.02,2.52,2.22,1,0.41,0,1.2,
353,wealth,poverty,N,1.27,2.63,2.54,1,0.41,0,1.47,0.7653213143348694
354,accident,emergency,N,4.93,3.26,2.41,2,0.41,0,0.49,0.7955631613731384
355,battle,conquest,N,7.22,4.0,2.54,2,0.41,0,0.89,0.7414297461509705
356,friend,teacher,N,2.62,3.07,4.52,3,0.41,0,1.29,0.6916884183883667
357,illness,infection,N,6.9,3.54,4.1,3,0.41,0,1.28,0.8436164259910583
358,game,trick,N,2.32,4.5,3.36,3,0.41,0,1.02,
359,brother,son,N,3.48,4.43,4.14,3,0.41,0,1.61,0.865936279296875
360,aunt,nephew,N,3.1,4.17,4.48,3,0.41,0,1.31,0.8442528247833252
361,worker,mechanic,N,4.92,4.59,4.38,3,0.41,0,1.2,0.7976441383361816
362,doctor,orthodontist,N,5.58,4.69,4.43,3,0.41,0,1.25,
363,oak,maple,N,6.03,4.82,4.46,3,0.41,0,0.39,0.7733277678489685
364,bee,queen,N,3.27,4.88,4.45,3,0.41,0,1.2,
365,car,bicycle,N,3.47,4.89,4.89,4,0.41,0,1.68,0.8318368792533875
366,goal,quest,N,5.83,3.06,2.87,2,0.4,0,1.31,0.8096174001693726
367,august,month,N,5.53,3.04,4.2,2,0.4,0,1.54,0.8097749948501587
368,army,squad,N,5.08,4.7,3.65,3,0.4,0,1.61,0.7536251544952393
369,cloud,weather,N,4.87,4.54,3.83,3,0.4,0,0.94,0.766934871673584
370,physician,doctor,N,8.88,4.65,4.69,3,0.4,0,1.5,
371,canyon,valley,N,6.75,4.81,4.72,4,0.4,0,1.39,0.8207462430000305
372,river,valley,N,1.67,4.89,4.72,4,0.4,0,1.23,0.8397938013076782
373,sun,sky,N,2.27,4.83,4.45,3,0.39,0,1.67,0.7109847664833069
374,target,arrow,N,3.25,4.11,4.97,3,0.38,0,1.74,
375,chocolate,pie,N,2.27,4.72,4.92,4,0.38,0,1.79,0.8723830580711365
376,circumstance,situation,N,7.85,1.77,2.03,1,0.36,0,1.31,
377,opinion,choice,N,5.43,1.93,1.9,1,0.36,0,1.5,0.5848922729492188
378,rhythm,melody,N,6.12,3.07,3.71,2,0.36,0,1.27,0.863389790058136
379,gut,nerve,N,4.93,4.15,3.89,3,0.36,0,1.65,
380,day,dawn,N,5.47,3.92,4.46,3,0.36,0,1.45,0.6911123394966125
381,cattle,beef,N,7.03,4.64,4.74,3,0.36,0,1.53,0.7223457098007202
382,doctor,professor,N,4.65,4.69,4.86,4,0.36,0,1.19,
383,arm,vein,N,3.65,4.96,4.63,4,0.36,0,1.62,0.6467794179916382
384,room,bath,N,3.33,4.79,4.85,4,0.36,0,0.49,
385,corporation,business,N,9.02,2.79,3.28,2,0.35,0,1.44,0.6963855028152466
386,fun,football,N,1.97,1.97,4.73,2,0.35,0,1.43,0.7062646150588989
387,hill,cliff,N,4.28,4.93,4.71,4,0.35,0,1.26,0.8316505551338196
388,bone,ankle,N,3.82,4.9,4.81,4,0.35,0,0.69,0.7655065059661865
389,apple,candy,N,2.08,5.0,4.83,4,0.35,0,0.75,0.7841532826423645
390,helper,maid,N,5.58,3.39,4.64,3,0.34,0,0.44,0.620507001876831
391,leader,manager,N,7.27,3.89,4.14,3,0.34,0,1.43,0.857602059841156
392,lemon,tea,N,1.6,5.0,4.69,4,0.34,0,1.33,0.7779276371002197
393,bee,ant,N,2.78,4.88,4.86,4,0.34,0,1.04,0.8311154246330261
394,basketball,baseball,N,4.92,4.97,4.86,4,0.34,0,0.93,0.7993248105049133
395,rice,bean,N,2.72,4.86,5.0,4,0.34,0,1.27,0.8559338450431824
396,bed,furniture,N,6.08,5.0,4.89,4,0.34,0,0.84,0.8240184187889099
397,emotion,passion,N,7.72,2.44,2.3,1,0.33,0,1.3,
398,anarchy,chaos,N,7.93,2.12,2.79,1,0.33,0,1.35,
399,crime,violation,N,7.12,3.03,2.67,2,0.33,0,0.87,
400,machine,engine,N,5.58,4.25,4.86,3,0.33,0,1.95,0.916517972946167
401,beach,sea,N,4.68,4.79,4.79,4,0.33,0,1.08,0.6262277364730835
402,alley,bowl,N,1.53,4.82,4.87,4,0.33,0,0.51,0.7704201340675354
403,jar,bottle,N,7.83,5.0,4.91,4,0.33,0,1.44,0.9331159591674805
404,strength,capability,N,5.28,2.96,1.93,1,0.32,0,1.33,
405,seed,mustard,N,3.48,4.71,4.93,4,0.32,0,0.59,
406,guitar,drum,N,3.78,4.9,4.96,4,0.32,0,1.72,0.7905797362327576
407,opinion,idea,N,5.7,1.93,1.61,1,0.31,0,1.29,0.7031934857368469
408,north,west,N,3.63,4.14,3.44,3,0.31,0,1.6,0.97043377161026
409,diet,salad,N,2.98,3.21,4.97,3,0.31,0,1.6,
410,mother,wife,N,3.02,4.6,4.13,3,0.31,0,1.62,0.4367292821407318
411,dad,mother,N,3.55,4.29,4.6,3,0.31,0,1.44,0.4444725215435028
412,captain,sailor,N,5.0,4.19,4.86,3,0.31,0,1.43,0.8882609605789185
413,meter,yard,N,5.6,4.7,4.82,4,0.31,0,1.32,0.8918520212173462
414,beer,champagne,N,4.45,4.88,4.82,4,0.31,0,1.2,0.6142385601997375
415,motor,boat,N,2.57,4.84,4.93,4,0.31,0,1.45,0.7523349523544312
416,card,bridge,N,1.97,4.9,4.97,4,0.31,0,1.69,
417,science,psychology,N,4.92,2.79,2.31,1,0.3,0,1.91,0.7468720078468323
418,sinner,saint,N,1.6,3.07,3.45,2,0.3,0,1.39,0.5115352272987366
419,destruction,construction,N,0.98,3.21,3.72,2,0.3,0,1.69,
420,crowd,bunch,N,7.42,4.52,3.5,3,0.3,0,1.37,
421,beach,reef,N,3.77,4.79,4.7,4,0.3,0,1.85,0.8760588765144348
422,man,child,N,4.13,4.79,4.78,4,0.3,0,1.34,0.6795568466186523
423,bread,cheese,N,1.95,4.92,4.7,4,0.3,0,1.52,0.7606607675552368
424,champion,winner,N,8.73,3.82,3.21,2,0.29,0,1.15,
425,celebration,ceremony,N,7.72,3.47,3.57,2,0.29,0,0.61,
426,menu,order,N,3.62,4.67,2.79,3,0.29,0,1.42,
427,king,princess,N,3.27,4.1,4.72,3,0.29,0,1.7,0.8196743726730347
428,wealth,prestige,N,6.07,2.63,1.61,1,0.28,0,1.55,
429,endurance,strength,N,6.58,2.0,2.96,1,0.28,0,0.59,
430,danger,threat,N,8.78,2.68,2.52,2,0.28,0,1.56,
431,god,priest,N,4.5,2.07,4.77,2,0.28,0,1.2,0.7649919390678406
432,men,fraternity,N,3.13,4.75,2.46,2,0.28,0,1.11,
433,buddy,companion,N,8.65,3.48,3.75,2,0.28,0,1.64,
434,teacher,helper,N,4.28,4.52,3.39,3,0.28,0,1.65,0.6154820919036865
435,body,stomach,N,3.93,4.79,4.89,4,0.28,0,1.15,
436,tongue,throat,N,3.1,4.93,4.97,4,0.28,0,1.31,0.8378309011459351
437,house,carpet,N,1.38,5.0,4.96,4,0.28,0,1.44,0.700729250907898
438,intelligence,skill,N,5.35,2.24,2.17,1,0.27,0,1.29,0.7608035206794739
439,journey,conquest,N,4.72,2.57,2.54,1,0.27,0,1.12,
440,god,prey,N,1.23,2.07,3.61,2,0.27,0,1.73,0.6532492637634277
441,brother,soul,N,0.97,4.43,1.86,2,0.27,0,1.18,0.637965738773346
442,adversary,opponent,N,9.05,2.93,3.52,2,0.27,0,1.4,
443,death,catastrophe,N,4.13,3.73,2.96,2,0.27,0,1.46,
444,monster,demon,N,6.95,3.72,3.32,2,0.27,0,1.5,0.8107105493545532
445,day,morning,N,4.87,3.92,3.44,2,0.27,0,1.95,0.7842382788658142
446,man,victor,N,1.9,4.79,2.88,3,0.27,0,1.67,
447,friend,guy,N,3.88,3.07,4.68,3,0.27,0,1.49,
448,song,story,N,3.97,4.46,3.3,3,0.27,0,1.27,
449,ray,sunshine,N,6.83,3.57,4.21,3,0.27,0,1.55,
450,guy,stud,N,5.83,4.68,4.0,3,0.27,0,1.7,
451,chicken,rice,N,1.43,4.8,4.86,4,0.27,0,1.47,0.7156527042388916
452,box,elevator,N,1.32,4.9,4.79,4,0.27,0,1.28,0.8335611820220947
453,butter,potato,N,1.22,4.9,4.85,4,0.27,0,1.19,0.6564168334007263
454,apartment,furniture,N,1.28,4.9,4.89,4,0.27,0,1.72,0.7801344990730286
455,lake,swamp,N,4.92,4.88,4.96,4,0.27,0,1.6,0.7763944268226624
456,salad,vinegar,N,1.13,4.97,4.89,4,0.27,0,1.65,0.7581434845924377
457,flower,bulb,N,4.48,5.0,4.93,4,0.27,0,1.27,0.8460281491279602
458,cloud,mist,N,6.67,4.54,4.51,3,0.26,0,1.43,0.8326923251152039
459,driver,pilot,N,6.28,4.71,4.67,3,0.26,0,1.52,
460,sugar,honey,N,5.13,4.87,4.88,4,0.26,0,1.07,0.8124798536300659
461,body,shoulder,N,2.88,4.79,4.93,4,0.25,0,1.47,
462,idea,image,N,3.55,1.61,3.85,2,0.24,0,1.47,0.8189257979393005
463,father,brother,N,4.2,4.52,4.43,3,0.24,0,1.28,0.8396927714347839
464,moon,planet,N,5.87,4.9,4.58,4,0.24,0,1.57,0.8085631132125854
465,ball,costume,N,2.32,5.0,4.57,4,0.24,0,1.02,0.6669614911079407
466,rail,fence,N,5.22,4.9,4.82,4,0.24,0,1.17,
467,room,bed,N,2.35,4.79,5.0,4,0.24,0,1.31,0.8120663166046143
468,flower,bush,N,4.25,5.0,4.9,4,0.24,0,1.66,
469,bone,knee,N,4.17,4.9,5.0,4,0.24,0,1.64,0.778895378112793
470,arm,knee,N,2.75,4.96,5.0,4,0.24,0,0.59,0.8713912963867188
471,bottom,side,N,2.63,4.25,3.68,3,0.22,0,1.51,
472,vessel,vein,N,5.15,4.66,4.63,3,0.22,0,1.55,
473,cat,rabbit,N,2.37,4.86,4.93,4,0.22,0,1.67,0.8209353089332581
474,meat,sandwich,N,2.35,4.9,4.9,4,0.22,0,1.69,0.7521493434906006
475,belief,concept,N,5.08,1.19,1.41,1,0.21,0,1.44,0.7446383833885193
476,intelligence,insight,N,5.9,2.24,1.72,1,0.21,0,1.59,0.7666803598403931
477,attention,interest,N,7.22,2.3,1.8,1,0.21,0,1.21,0.6913159489631653
478,attitude,confidence,N,4.35,1.97,2.17,1,0.21,0,1.22,
479,right,justice,N,7.05,3.47,1.45,1,0.21,0,1.52,0.8504027724266052
480,argument,agreement,N,1.45,2.85,2.22,1,0.21,0,1.36,
481,depth,magnitude,N,6.12,3.11,2.43,2,0.21,0,1.64,
482,medium,news,N,3.65,3.0,3.41,2,0.21,0,1.3,
483,winner,candidate,N,2.78,3.21,3.81,2,0.21,0,1.29,
484,birthday,date,N,5.08,3.2,3.9,2,0.21,0,1.2,
485,fee,payment,N,7.15,3.89,3.91,3,0.21,0,1.56,0.8347139358520508
486,bible,hymn,N,5.15,4.61,4.04,3,0.21,0,1.08,0.7134127616882324
487,exit,doorway,N,5.5,3.93,4.75,3,0.21,0,1.73,
488,man,sentry,N,3.25,4.79,4.04,3,0.21,0,1.22,
489,aisle,hall,N,6.35,4.35,4.67,3,0.21,0,0.96,0.8135690093040466
490,whiskey,gin,N,6.28,4.74,4.46,3,0.21,0,1.14,0.8088552951812744
491,blood,marrow,N,3.4,4.86,4.48,3,0.21,0,1.17,0.7805811166763306
492,oil,mink,N,1.23,4.93,4.58,4,0.21,0,1.53,0.6391245722770691
493,floor,deck,N,5.55,4.8,4.77,4,0.21,0,1.06,
494,roof,floor,N,2.62,4.79,4.8,4,0.21,0,1.66,0.7801031470298767
495,door,floor,N,1.67,4.81,4.8,4,0.21,0,0.39,0.7880939841270447
496,shoulder,head,N,3.42,4.93,4.75,4,0.21,0,1.14,0.8027897477149963
497,wagon,carriage,N,7.7,4.89,4.86,4,0.21,0,1.84,0.7390881776809692
498,car,carriage,N,5.13,4.89,4.86,4,0.21,0,1.2,0.8392525315284729
499,elbow,ankle,N,3.13,5.0,4.81,4,0.21,0,1.48,0.8590116500854492
500,wealth,fame,N,4.02,2.63,1.96,1,0.2,0,1.1,
501,sorrow,shame,N,4.77,2.36,2.24,1,0.2,0,1.52,
502,administration,management,N,7.25,2.78,2.72,2,0.2,0,1.67,
503,communication,conversation,N,8.02,2.9,3.28,2,0.2,0,0.88,0.7814430594444275
504,pollution,atmosphere,N,4.25,3.75,3.04,2,0.2,0,0.98,0.6584637761116028
505,anatomy,biology,N,5.33,3.59,3.48,2,0.2,0,1.37,0.8061068654060364
506,college,profession,N,3.12,4.62,2.83,3,0.2,0,1.41,0.685335636138916
507,book,topic,N,2.07,4.9,2.59,3,0.2,0,1.22,
508,formula,equation,N,7.95,4.11,3.65,3,0.2,0,0.56,0.7957088351249695
509,book,information,N,5.0,4.9,2.87,3,0.2,0,1.13,0.7308573126792908
510,boy,partner,N,1.9,4.76,3.53,3,0.2,0,1.54,
511,sky,universe,N,4.68,4.45,3.85,3,0.2,0,1.39,0.8487460017204285
512,population,people,N,7.68,3.64,4.82,3,0.2,0,0.8,0.8030327558517456
513,college,class,N,4.13,4.62,3.85,3,0.2,0,1.16,
514,chief,mayor,N,4.85,4.26,4.37,3,0.2,0,1.25,
515,rabbi,minister,N,7.62,4.64,4.22,3,0.2,0,1.35,
516,meter,inch,N,5.08,4.7,4.37,3,0.2,0,1.19,0.8956422805786133
517,polyester,cotton,N,5.63,4.12,4.97,3,0.2,0,1.53,0.6125920414924622
518,lawyer,banker,N,1.88,4.7,4.43,3,0.2,0,1.18,0.5989360809326172
519,violin,instrument,N,6.58,4.96,4.27,3,0.2,0,1.39,
520,camp,cabin,N,4.2,4.35,4.92,3,0.2,0,1.2,
521,pot,appliance,N,2.53,4.81,4.57,3,0.2,0,1.26,
522,linen,fabric,N,7.47,4.8,4.63,3,0.2,0,1.26,0.8087509274482727
523,whiskey,champagne,N,5.33,4.74,4.82,4,0.2,0,1.29,0.718675971031189
524,girl,child,N,5.38,4.85,4.78,4,0.2,0,1.21,0.8082978129386902
525,cottage,cabin,N,7.72,4.85,4.92,4,0.2,0,1.47,
526,bird,hen,N,7.03,5.0,4.9,4,0.2,0,1.43,
527,racket,noise,N,8.1,4.26,3.52,3,0.19,0,1.49,
528,sunset,evening,N,5.98,4.54,3.26,3,0.19,0,1.35,0.7327522039413452
529,drizzle,rain,N,9.17,4.21,4.97,3,0.19,0,0.39,0.8311415314674377
530,adult,baby,N,2.22,4.4,5.0,3,0.19,0,0.39,0.7562524080276489
531,charcoal,coal,N,7.63,4.85,4.66,4,0.19,0,1.43,0.7838003635406494
532,body,spine,N,4.78,4.79,4.88,4,0.19,0,1.22,
533,head,nail,N,2.47,4.75,4.93,4,0.19,0,1.4,
534,log,timber,N,8.05,4.96,4.9,4,0.19,0,1.12,
535,spoon,cup,N,2.02,4.96,5.0,4,0.19,0,0.9,0.8559280633926392
536,body,nerve,N,3.13,4.79,3.89,3,0.18,0,1.12,
537,man,husband,N,5.32,4.79,4.11,3,0.18,0,1.71,0.7437520623207092
538,bone,neck,N,2.53,4.9,5.0,4,0.18,0,1.05,0.8856298327445984
539,frustration,anger,N,6.5,2.06,2.41,1,0.17,0,0.39,0.8330962657928467
540,river,sea,N,5.72,4.89,4.79,4,0.17,0,0.39,0.7034499645233154
541,task,job,N,8.87,2.84,3.19,2,0.16,0,1.75,
542,club,society,N,5.23,3.78,2.54,2,0.16,0,1.59,
543,reflection,image,N,7.27,3.29,3.85,2,0.16,0,1.06,
544,prince,king,N,5.92,4.44,4.1,3,0.16,0,1.05,0.8535659313201904
545,snow,weather,N,5.48,4.85,3.83,3,0.16,0,1.36,0.7380675077438354
546,people,party,N,2.2,4.82,3.89,3,0.16,0,1.42,0.7368603348731995
547,boy,brother,N,6.67,4.76,4.43,3,0.16,0,1.58,0.6654883623123169
548,root,grass,N,3.55,4.34,4.93,3,0.16,0,1.35,0.7410146594047546
549,brow,eye,N,3.82,4.39,4.9,3,0.16,0,1.41,
550,money,pearl,N,2.1,4.54,4.87,3,0.16,0,1.94,0.7159820795059204
551,money,diamond,N,3.42,4.54,4.89,3,0.16,0,1.37,0.511345624923706
552,vehicle,bus,N,6.47,4.64,4.9,4,0.16,0,1.38,0.831001877784729
553,cab,bus,N,5.6,4.88,4.9,4,0.16,0,1.64,
554,house,barn,N,4.33,5.0,4.79,4,0.16,0,1.6,0.8249506950378418
555,finger,palm,N,3.33,5.0,4.83,4,0.16,0,1.5,
556,car,bridge,N,0.95,4.89,4.97,4,0.16,0,1.2,0.7713391184806824
557,effort,difficulty,N,4.45,2.33,1.9,1,0.15,0,1.22,
558,fact,insight,N,4.77,2.72,1.72,1,0.15,0,1.11,0.7555484771728516
559,job,management,N,3.97,3.19,2.72,2,0.15,0,1.33,0.7930782437324524
560,cancer,sickness,N,7.93,3.86,3.45,2,0.15,0,1.57,
561,word,newspaper,N,2.47,3.56,4.82,3,0.15,0,0.94,0.7137022614479065
562,composer,writer,N,6.58,4.37,4.32,3,0.15,0,0.8,0.8239396214485168
563,actor,singer,N,4.52,4.57,4.62,3,0.15,0,1.26,0.7242750525474548
564,shelter,hut,N,6.47,4.64,4.65,3,0.15,0,1.59,
565,bathroom,kitchen,N,3.1,4.52,4.97,4,0.15,0,1.22,0.8897765874862671
566,cabin,hut,N,6.53,4.92,4.65,4,0.15,0,1.37,
567,door,kitchen,N,1.67,4.81,4.97,4,0.15,0,0.44,0.7896126508712769
568,value,belief,N,7.07,1.62,1.19,1,0.14,0,0.95,
569,wisdom,intelligence,N,7.47,1.53,2.24,1,0.14,0,1.33,0.8790537118911743
570,ignorance,intelligence,N,1.5,1.6,2.24,1,0.14,0,1.3,0.6916089653968811
571,happiness,luck,N,2.38,2.6,1.33,1,0.14,0,1.2,0.803621768951416
572,idea,scheme,N,6.75,1.61,2.41,1,0.14,0,1.47,
573,mood,emotion,N,8.12,1.75,2.44,1,0.14,0,1.64,
574,happiness,peace,N,6.03,2.6,1.62,1,0.14,0,1.35,0.7370352149009705
575,despair,misery,N,7.22,2.21,2.04,1,0.14,0,1.06,
576,logic,arithmetic,N,3.97,1.72,2.74,1,0.14,0,1.81,0.8604860901832581
577,denial,confession,N,1.03,2.46,2.4,1,0.14,0,1.64,0.7440026998519897
578,argument,criticism,N,5.08,2.85,2.07,1,0.14,0,1.07,0.766331136226654
579,aggression,hostility,N,8.48,2.68,2.24,1,0.14,0,0.44,0.8246287107467651
580,hysteria,confusion,N,6.33,2.86,2.24,1,0.14,0,0.44,0.7287882566452026
581,chemistry,theory,N,3.17,3.64,1.47,1,0.14,0,1.4,0.7579535245895386
582,trial,verdict,N,3.33,3.07,2.19,2,0.14,0,1.18,0.8924864530563354
583,comfort,safety,N,5.8,2.89,2.37,2,0.14,0,1.21,0.8579528331756592
584,confidence,self,N,3.12,2.17,3.1,2,0.14,0,1.24,0.6479704976081848
585,vision,perception,N,6.88,3.39,2.0,2,0.14,0,1.31,
586,era,decade,N,5.4,2.24,3.19,2,0.14,0,1.02,0.5804058909416199
587,biography,fiction,N,1.38,3.39,2.14,2,0.14,0,1.24,0.7539336681365967
588,discussion,argument,N,5.48,3.07,2.85,2,0.14,0,1.43,0.6216641664505005
589,code,symbol,N,6.03,3.0,3.11,2,0.14,0,1.67,0.8294481635093689
590,danger,disease,N,3.0,2.68,3.45,2,0.14,0,0.44,
591,accident,catastrophe,N,5.9,3.26,2.96,2,0.14,0,1.63,
592,journey,trip,N,8.88,2.57,3.71,2,0.14,0,1.14,
593,activity,movement,N,7.15,2.72,3.63,2,0.14,0,1.1,
594,gossip,news,N,5.22,3.0,3.41,2,0.14,0,1.21,0.5718483924865723
595,father,god,N,3.57,4.52,2.07,2,0.14,0,1.31,0.6353257894515991
596,action,course,N,5.45,2.86,3.82,2,0.14,0,1.75,
597,fever,illness,N,7.65,3.27,3.54,2,0.14,0,1.54,0.7750388383865356
598,aviation,flight,N,8.18,3.39,3.9,2,0.14,0,1.83,0.7986869215965271
599,game,action,N,4.85,4.5,2.86,2,0.14,0,1.12,
600,molecule,air,N,3.05,3.27,4.11,2,0.14,0,1.84,
601,home,state,N,2.58,4.11,3.52,3,0.14,0,1.6,
602,word,literature,N,4.77,3.56,4.1,3,0.14,0,0.59,0.7508021593093872
603,adult,guardian,N,6.9,4.4,3.28,3,0.14,0,1.19,0.48777902126312256
604,newspaper,information,N,5.65,4.82,2.87,3,0.14,0,1.31,0.6435165405273438
605,communication,television,N,5.6,2.9,4.83,3,0.14,0,1.27,0.7189048528671265
606,cousin,uncle,N,4.63,3.7,4.24,3,0.14,0,1.84,0.832996666431427
607,author,reader,N,1.6,4.26,3.89,3,0.14,0,1.47,
608,guy,partner,N,3.57,4.68,3.53,3,0.14,0,1.24,
609,area,corner,N,2.07,3.72,4.61,3,0.14,0,1.41,
610,ballad,song,N,7.53,3.88,4.46,3,0.14,0,0.84,0.8293976187705994
611,wall,decoration,N,2.62,4.86,3.53,3,0.14,0,0.89,
612,word,page,N,2.92,3.56,4.9,3,0.14,0,0.99,
613,nurse,scientist,N,2.08,4.39,4.24,3,0.14,0,1.06,0.7555663585662842
614,politician,president,N,7.38,4.33,4.4,3,0.14,0,1.05,
615,president,mayor,N,5.68,4.4,4.37,3,0.14,0,1.4,
616,book,essay,N,4.72,4.9,3.97,3,0.14,0,1.3,0.8290182948112488
617,man,warrior,N,4.72,4.79,4.17,3,0.14,0,1.03,0.6531659364700317
618,article,journal,N,6.18,4.33,4.63,3,0.14,0,1.45,
619,breakfast,supper,N,4.4,4.43,4.63,3,0.14,0,1.47,0.8324326276779175
620,crowd,parade,N,3.93,4.52,4.54,3,0.14,0,1.05,0.7737966179847717
621,aisle,hallway,N,6.75,4.35,4.74,3,0.14,0,1.36,
622,teacher,rabbi,N,4.37,4.52,4.64,3,0.14,0,1.12,0.7368324995040894
623,hip,lip,N,1.43,4.21,4.96,3,0.14,0,1.45,0.7579293847084045
624,book,article,N,5.43,4.9,4.33,3,0.14,0,0.95,
625,room,cell,N,4.58,4.79,4.44,3,0.14,0,1.28,
626,box,booth,N,3.8,4.9,4.42,3,0.14,0,1.38,
627,daughter,kid,N,4.17,4.79,4.56,3,0.14,0,1.24,
628,limb,leg,N,6.9,4.64,4.83,4,0.14,0,1.23,
629,liver,lung,N,2.7,4.68,4.82,4,0.14,0,1.38,0.7913985848426819
630,classroom,hallway,N,2.0,4.76,4.74,4,0.14,0,1.23,
631,mountain,ledge,N,3.73,4.96,4.72,4,0.14,0,1.21,
632,car,elevator,N,1.03,4.89,4.79,4,0.14,0,1.19,0.8251939415931702
633,bed,couch,N,3.42,5.0,4.71,4,0.14,0,1.85,0.87968909740448
634,clothes,button,N,2.3,4.76,4.96,4,0.14,0,1.44,0.7702981233596802
635,clothes,coat,N,5.35,4.76,4.97,4,0.14,0,1.37,0.8395898342132568
636,kidney,organ,N,6.17,4.96,4.77,4,0.14,0,0.95,
637,apple,sauce,N,1.43,5.0,4.75,4,0.14,0,2.11,0.7213026881217957
638,chicken,steak,N,3.73,4.8,4.96,4,0.14,0,1.39,0.5643782019615173
639,car,hose,N,0.87,4.89,4.87,4,0.14,0,0.78,0.7565038800239563
640,tobacco,cigarette,N,7.5,4.88,4.88,4,0.14,0,1.49,0.7560354471206665
641,student,professor,N,1.95,4.92,4.86,4,0.14,0,1.13,0.7512118220329285
642,baby,daughter,N,5.0,5.0,4.79,4,0.14,0,1.29,0.7761247158050537
643,pipe,cigar,N,6.03,4.88,4.93,4,0.14,0,1.01,
644,milk,juice,N,4.05,4.92,4.89,4,0.14,0,1.46,0.6897658109664917
645,box,cigar,N,1.25,4.9,4.93,4,0.14,0,1.89,0.7344117164611816
646,apartment,hotel,N,3.33,4.9,4.93,4,0.14,0,1.18,0.814958393573761
647,cup,cone,N,3.17,5.0,4.86,4,0.14,0,1.13,0.7271522879600525
648,horse,ox,N,3.02,5.0,4.86,4,0.14,0,1.18,0.7032570838928223
649,throat,nose,N,2.8,4.97,4.89,4,0.14,0,1.12,0.8544511198997498
650,bone,teeth,N,4.17,4.9,4.96,4,0.14,0,1.92,0.8918723464012146
651,bone,elbow,N,3.78,4.9,5.0,4,0.14,0,1.58,0.752206027507782
652,bacon,bean,N,1.22,4.9,5.0,4,0.14,0,0.92,0.6714997887611389
653,cup,jar,N,5.13,5.0,5.0,4,0.14,0,1.17,0.8253901600837708
654,proof,fact,N,7.3,2.67,2.72,2,0.13,0,1.7,
655,appointment,engagement,N,6.75,3.0,2.75,2,0.13,0,1.59,
656,birthday,year,N,1.67,3.2,3.25,2,0.13,0,1.69,0.6874154806137085
657,word,clue,N,2.53,3.56,2.93,2,0.13,0,1.65,
658,author,creator,N,8.02,4.26,3.07,2,0.13,0,1.5,
659,atom,carbon,N,3.1,3.34,4.22,3,0.13,0,0.93,0.7980566620826721
660,archbishop,bishop,N,7.05,4.14,4.21,3,0.13,0,1.59,0.6996259093284607
661,letter,paragraph,N,4.0,4.7,3.96,3,0.13,0,1.12,
662,page,paragraph,N,3.03,4.9,3.96,3,0.13,0,1.37,
663,steeple,chapel,N,7.08,4.74,4.6,3,0.13,0,1.03,0.7911578416824341
664,muscle,bone,N,3.65,4.5,4.9,3,0.13,0,1.68,0.828437089920044
665,muscle,tongue,N,5.0,4.5,4.93,3,0.13,0,1.65,0.7760791778564453
666,boy,soldier,N,2.15,4.76,4.72,4,0.13,0,1.51,0.6320114731788635
667,belly,abdomen,N,8.13,4.8,4.7,4,0.13,0,1.53,
668,guy,girl,N,3.33,4.68,4.85,4,0.13,0,1.9,
669,bed,chair,N,3.5,5.0,4.58,4,0.13,0,1.26,0.8182199597358704
670,clothes,jacket,N,5.15,4.76,4.86,4,0.13,0,0.74,0.7505870461463928
671,gun,knife,N,3.65,4.83,4.9,4,0.13,0,1.03,0.7658193111419678
672,tin,metal,N,5.63,4.87,4.87,4,0.13,0,1.15,0.7145159840583801
673,bottle,container,N,7.93,4.91,4.85,4,0.13,0,1.38,0.8531634211540222
674,hen,turkey,N,6.13,4.9,4.89,4,0.13,0,1.6,
675,meat,bread,N,1.67,4.9,4.92,4,0.13,0,1.62,0.7766382098197937
676,arm,bone,N,3.83,4.96,4.9,4,0.13,0,1.94,0.8031878471374512
677,neck,spine,N,5.32,5.0,4.88,4,0.13,0,1.16,
678,apple,lemon,N,4.05,5.0,5.0,4,0.13,0,1.58,0.776771605014801
679,agony,grief,N,7.63,2.38,2.7,1,0.12,0,1.94,
680,assignment,task,N,8.7,3.86,2.84,2,0.12,0,1.37,
681,night,dawn,N,2.95,4.52,4.46,3,0.12,0,1.53,0.6303334832191467
682,dinner,soup,N,3.72,4.5,4.72,3,0.12,0,1.89,0.7932363748550415
683,calf,bull,N,4.93,4.48,4.85,3,0.12,0,1.67,0.8317726850509644
684,snow,storm,N,4.8,4.85,4.7,4,0.12,0,0.88,0.7083911299705505
685,nail,hand,N,3.42,4.93,4.72,4,0.12,0,1.14,
686,dog,horse,N,2.38,4.85,5.0,4,0.12,0,1.39,0.8000403046607971
687,arm,neck,N,1.58,4.96,5.0,4,0.12,0,0.72,0.8351066708564758
688,ball,glove,N,1.75,5.0,4.97,4,0.12,0,1.27,0.7399485111236572
689,flu,fever,N,6.08,3.65,3.27,2,0.11,0,1.58,0.7587329149246216
690,fee,salary,N,3.72,3.89,3.69,3,0.11,0,1.26,0.8167734742164612
691,nerve,brain,N,3.88,3.89,4.69,3,0.11,0,1.74,0.8179641962051392
692,beast,animal,N,7.83,4.63,4.61,3,0.11,0,1.64,
693,dinner,chicken,N,2.85,4.5,4.8,3,0.11,0,1.5,0.5555869936943054
694,girl,maid,N,2.93,4.85,4.64,4,0.11,0,0.9,0.757487416267395
695,child,boy,N,5.75,4.78,4.76,4,0.11,0,1.82,0.5998573303222656
696,alcohol,wine,N,7.42,4.76,4.79,4,0.11,0,1.53,0.598747193813324
697,nose,mouth,N,3.73,4.89,4.74,4,0.11,0,1.5,0.8849176168441772
698,street,car,N,2.38,4.75,4.89,4,0.11,0,1.16,0.7653069496154785
699,bell,door,N,2.2,4.96,4.81,4,0.11,0,1.46,0.6419630646705627
700,box,hat,N,1.3,4.9,4.88,4,0.11,0,1.15,0.7848691344261169
701,belief,impression,N,5.95,1.19,2.23,1,0.1,0,0.72,
702,bias,opinion,N,5.6,1.68,1.93,1,0.1,0,1.16,0.8365389704704285
703,attention,awareness,N,8.73,2.3,1.84,1,0.1,0,1.64,0.8461028337478638
704,anger,mood,N,4.1,2.41,1.75,1,0.1,0,1.87,
705,elegance,style,N,5.72,2.18,2.67,1,0.1,0,1.76,
706,beauty,age,N,1.58,2.93,2.86,2,0.1,0,1.54,
707,book,theme,N,2.58,4.9,2.72,3,0.1,0,0.81,
708,friend,mother,N,2.53,3.07,4.6,3,0.1,0,1.54,0.4123719036579132
709,vitamin,iron,N,5.55,4.48,4.59,3,0.1,0,1.14,0.6653435230255127
710,car,factory,N,2.75,4.89,4.76,4,0.1,0,1.43,0.7612932920455933
711,pact,condition,N,2.45,2.52,2.15,1,0.0,0,1.59,
712,chapter,choice,N,0.48,3.43,1.9,2,0.0,0,0.86,
713,arithmetic,rhythm,N,2.35,2.74,3.07,2,0.0,0,2.08,0.8070812821388245
714,winner,presence,N,1.08,3.21,2.72,2,0.0,0,1.12,
715,belief,flower,N,0.4,1.19,5.0,2,0.0,0,1.19,0.5482065081596375
716,winner,goal,N,3.23,3.21,3.06,2,0.0,0,1.67,
717,trick,size,N,0.48,3.36,3.13,2,0.0,0,0.59,
718,choice,vein,N,0.98,1.9,4.63,2,0.0,0,1.11,0.5784364342689514
719,hymn,conquest,N,0.68,4.04,2.54,2,0.0,0,0.88,0.7263242602348328
720,endurance,band,N,0.4,2.0,4.68,2,0.0,0,0.44,
721,jail,choice,N,1.08,4.83,1.9,2,0.0,0,1.08,0.4197128415107727
722,condition,boy,N,0.48,2.15,4.76,2,0.0,0,0.8,
723,flower,endurance,N,0.4,5.0,2.0,2,0.0,0,1.7,0.6566011905670166
724,hole,agreement,N,0.3,4.81,2.22,2,0.0,0,1.72,
725,doctor,temper,N,0.48,4.69,2.56,2,0.0,0,1.44,
726,fraternity,door,N,0.68,2.46,4.81,2,0.0,0,0.94,0.6977341771125793
727,task,woman,N,0.68,2.84,4.46,2,0.0,0,0.34,
728,fraternity,baseball,N,0.88,2.46,4.86,2,0.0,0,0.98,0.60877525806427
729,cent,size,N,0.4,4.19,3.13,2,0.0,0,1.24,
730,presence,door,N,0.48,2.72,4.81,3,0.0,0,0.83,
731,mouse,management,N,0.48,4.83,2.72,3,0.0,0,1.59,0.613159716129303
732,task,highway,N,0.48,2.84,4.72,3,0.0,0,1.34,
733,liquor,century,N,0.4,4.73,2.83,3,0.0,0,1.31,0.4824531674385071
734,task,straw,N,0.68,2.84,4.77,3,0.0,0,1.53,
735,island,task,N,0.3,4.96,2.84,3,0.0,0,0.96,
736,night,chapter,N,0.48,4.52,3.43,3,0.0,0,0.92,
737,pollution,president,N,0.68,3.75,4.4,3,0.0,0,1.6,
738,gun,trick,N,0.48,4.83,3.36,3,0.0,0,1.41,
739,bath,trick,N,0.58,4.85,3.36,3,0.0,0,1.28,
740,diet,apple,N,1.18,3.21,5.0,3,0.0,0,1.56,
741,cent,wife,N,0.58,4.19,4.13,3,0.0,0,1.7,
742,chapter,tail,N,0.3,3.43,4.96,3,0.0,0,1.57,
743,course,stomach,N,0.58,3.82,4.89,3,0.0,0,0.87,
744,hymn,straw,N,0.4,4.04,4.77,3,0.0,0,1.64,0.636798083782196
745,dentist,colonel,N,0.4,4.93,3.89,3,0.0,0,1.7,0.6479532718658447
746,wife,straw,N,0.4,4.13,4.77,3,0.0,0,1.53,0.5866965651512146
747,hole,wife,N,0.68,4.81,4.13,3,0.0,0,1.18,0.6567046046257019
748,pupil,president,N,0.78,4.55,4.4,3,0.0,0,1.28,
749,bath,wife,N,0.48,4.85,4.13,3,0.0,0,1.42,
750,people,cent,N,0.48,4.82,4.19,3,0.0,0,1.61,
751,formula,log,N,1.77,4.11,4.96,3,0.0,0,1.51,
752,woman,fur,N,0.58,4.46,4.69,3,0.0,0,0.99,0.66452556848526
753,apple,sunshine,N,0.58,5.0,4.21,3,0.0,0,1.2,0.5448513627052307
754,gun,dawn,N,1.18,4.83,4.46,3,0.0,0,1.57,0.6266874670982361
755,meal,waist,N,0.98,4.62,4.72,3,0.0,0,1.58,0.5499933958053589
756,camera,president,N,0.48,5.0,4.4,3,0.0,0,1.56,
757,liquor,band,N,0.68,4.73,4.68,3,0.0,0,0.91,
758,stomach,vein,N,2.35,4.89,4.63,4,0.0,0,1.2,0.7251448631286621
759,gun,fur,N,0.3,4.83,4.69,4,0.0,0,1.8,0.6347144842147827
760,couch,baseball,N,0.88,4.71,4.86,4,0.0,0,1.32,0.6551448702812195
761,worker,camera,N,0.68,4.59,5.0,4,0.0,0,1.21,0.6620563268661499
762,deck,mouse,N,0.48,4.77,4.83,4,0.0,0,1.48,
763,rice,boy,N,0.4,4.86,4.76,4,0.0,0,1.72,0.4619568884372711
764,people,gun,N,0.68,4.82,4.83,4,0.0,0,1.47,0.6527135968208313
765,cliff,tail,N,0.3,4.71,4.96,4,0.0,0,1.57,0.7007822394371033
766,ankle,window,N,0.3,4.81,4.86,4,0.0,0,1.8,0.636535108089447
767,princess,island,N,0.3,4.72,4.96,4,0.0,0,1.36,0.6009341478347778
768,container,mouse,N,0.3,4.85,4.83,4,0.0,0,0.95,0.6329796314239502
769,wagon,container,N,2.65,4.89,4.85,4,0.0,0,0.85,0.6691766977310181
770,people,balloon,N,0.48,4.82,4.92,4,0.0,0,1.96,0.6715579628944397
771,dollar,people,N,0.4,4.93,4.82,4,0.0,0,1.42,0.6556409597396851
772,bath,balloon,N,0.4,4.85,4.92,4,0.0,0,1.41,
773,stomach,bedroom,N,0.4,4.89,4.9,4,0.0,0,0.97,0.6169183850288391
774,bicycle,bedroom,N,0.4,4.89,4.9,4,0.0,0,1.47,0.710608720779419
775,log,bath,N,0.4,4.96,4.85,4,0.0,0,1.63,
776,bowl,tail,N,0.48,4.87,4.96,4,0.0,0,1.0,0.7275224328041077
777,go,come,V,2.42,3.15,2.72,2,5.75,1,1.51,
778,take,steal,V,6.18,3.06,3.84,2,3.28,1,1.69,
779,listen,hear,V,8.17,3.47,3.66,2,3.22,1,1.72,
780,think,rationalize,V,8.25,2.41,1.52,1,3.17,1,1.13,
781,occur,happen,V,9.32,1.84,1.78,1,2.87,1,1.34,0.6034147143363953
782,vanish,disappear,V,9.8,2.77,2.86,2,2.76,1,0.46,
783,multiply,divide,V,1.75,2.79,2.86,2,2.53,1,1.32,
784,plead,beg,V,9.08,2.59,2.96,2,2.5,1,1.26,
785,begin,originate,V,8.2,2.56,2.23,1,2.44,1,0.75,
786,protect,defend,V,9.13,2.86,2.31,1,2.28,1,1.29,
787,kill,destroy,V,5.9,3.9,3.08,2,2.0,1,1.93,
788,create,make,V,8.72,2.62,2.67,2,1.72,1,1.14,
789,accept,reject,V,0.83,3.03,2.4,2,1.69,1,1.28,
790,ignore,avoid,V,6.87,2.22,2.41,1,1.56,1,1.22,
791,carry,bring,V,5.8,4.04,2.55,2,1.37,1,1.24,
792,leave,enter,V,0.95,2.53,3.12,2,1.3,1,1.91,
793,choose,elect,V,7.62,2.62,2.41,1,1.28,1,1.14,
794,lose,fail,V,7.33,2.25,3.0,2,1.28,1,1.79,
795,encourage,discourage,V,1.58,2.61,1.9,1,1.23,1,1.55,0.6874161958694458
796,achieve,accomplish,V,8.57,2.29,2.33,1,1.22,1,0.94,
797,make,construct,V,8.33,2.67,2.6,2,1.2,1,0.85,
798,listen,obey,V,4.93,3.47,2.67,2,1.19,1,1.33,
799,inform,notify,V,9.25,2.25,3.04,2,1.15,1,0.44,0.5840830206871033
800,receive,give,V,1.47,2.69,2.83,2,1.11,1,1.19,
801,borrow,beg,V,2.62,3.1,2.96,2,1.0,1,1.89,
802,take,obtain,V,7.1,3.06,3.0,2,0.9,1,1.01,0.49086928367614746
803,advise,recommend,V,8.1,2.03,1.74,1,0.89,1,1.6,
804,imitate,portray,V,6.75,2.66,2.18,1,0.89,1,1.13,0.4814035892486572
805,win,succeed,V,7.9,2.67,2.33,1,0.89,1,1.83,
806,think,decide,V,5.13,2.41,1.92,1,0.88,1,1.4,
807,greet,meet,V,6.17,2.96,3.0,2,0.83,1,1.73,
808,agree,argue,V,0.77,2.31,2.75,1,0.81,1,1.68,0.8009322285652161
809,enjoy,entertain,V,5.92,2.29,2.55,1,0.79,1,1.27,
810,destroy,make,V,1.6,3.08,2.67,2,0.78,1,1.72,
811,save,protect,V,6.58,2.42,2.86,2,0.74,1,0.44,
812,give,lend,V,7.22,2.83,3.07,2,0.72,1,0.93,
813,understand,know,V,7.47,2.28,1.68,1,0.71,1,1.26,0.8811137676239014
814,take,receive,V,5.08,3.06,2.69,2,0.7,1,0.48,
815,accept,acknowledge,V,6.88,3.03,2.03,1,0.69,1,1.63,
816,decide,choose,V,8.87,1.92,2.62,1,0.67,1,1.26,
817,accept,believe,V,6.75,3.03,1.55,1,0.67,1,1.61,
818,keep,possess,V,8.27,2.37,2.6,1,0.62,1,0.8,
819,roam,wander,V,8.83,2.85,2.28,1,0.61,1,0.89,0.4662458598613739
820,succeed,fail,V,0.83,2.33,3.0,2,0.61,1,1.44,
821,spend,save,V,0.55,2.93,2.42,2,0.61,1,1.06,
822,leave,go,V,7.63,2.53,3.15,2,0.61,1,1.49,
823,come,attend,V,8.1,2.72,3.17,2,0.61,1,1.6,
824,know,believe,V,5.5,1.68,1.55,1,0.6,1,1.18,
825,gather,meet,V,7.3,2.75,3.0,2,0.55,1,0.59,
826,make,earn,V,7.62,2.67,2.39,1,0.54,1,1.92,
827,forget,ignore,V,3.07,2.04,2.22,1,0.5,1,1.25,
828,multiply,add,V,2.7,2.79,3.0,2,0.5,1,1.8,
829,shrink,grow,V,0.23,3.55,3.03,2,0.5,1,1.2,
830,arrive,leave,V,1.33,3.22,2.53,2,0.49,1,1.48,
831,succeed,try,V,3.98,2.33,2.22,1,0.48,1,1.35,
832,accept,deny,V,1.75,3.03,2.2,2,0.48,1,1.41,
833,arrive,come,V,7.05,3.22,2.72,2,0.48,1,1.56,
834,agree,differ,V,1.05,2.31,1.59,1,0.42,0,1.53,
835,send,receive,V,1.08,2.7,2.69,2,0.42,0,1.53,
836,win,dominate,V,5.68,2.67,2.12,1,0.41,0,1.74,
837,add,divide,V,2.3,3.0,2.86,2,0.41,0,1.25,
838,kill,choke,V,4.92,3.9,3.97,3,0.41,0,1.48,
839,acquire,get,V,8.82,2.93,2.38,2,0.39,0,0.94,
840,participate,join,V,7.7,2.59,2.86,2,0.39,0,1.69,
841,leave,remain,V,2.53,2.53,1.96,1,0.34,0,1.36,
842,go,enter,V,4.0,3.15,3.12,2,0.34,0,1.43,
843,take,carry,V,5.23,3.06,4.04,2,0.34,0,0.44,
844,forget,learn,V,1.18,2.04,2.2,1,0.33,0,1.65,
845,appoint,elect,V,8.17,2.24,2.41,1,0.33,0,1.51,
846,engage,marry,V,5.43,2.07,3.03,1,0.33,0,1.12,0.5597761869430542
847,ask,pray,V,3.72,2.52,3.21,2,0.33,0,1.63,
848,go,send,V,3.75,3.15,2.7,2,0.33,0,0.77,
849,take,deliver,V,4.37,3.06,3.12,2,0.33,0,1.16,
850,speak,hear,V,3.02,3.7,3.66,2,0.33,0,0.76,
851,analyze,evaluate,V,8.03,2.3,1.85,1,0.28,0,0.49,0.5788781642913818
852,argue,rationalize,V,4.2,2.75,1.52,1,0.28,0,1.21,
853,lose,keep,V,1.05,2.25,2.37,1,0.28,0,1.57,
854,compare,analyze,V,8.1,2.52,2.3,1,0.28,0,0.84,0.6315690875053406
855,disorganize,organize,V,1.45,2.44,2.72,1,0.28,0,1.3,
856,go,allow,V,3.62,3.15,2.41,2,0.28,0,1.53,
857,take,possess,V,7.2,3.06,2.6,2,0.28,0,1.14,
858,learn,listen,V,3.88,2.2,3.47,2,0.28,0,1.65,
859,destroy,construct,V,0.92,3.08,2.6,2,0.28,0,1.78,
860,create,build,V,8.48,2.62,3.71,2,0.28,0,1.14,
861,steal,buy,V,1.13,3.84,3.35,2,0.28,0,0.95,
862,kill,hang,V,4.45,3.9,3.7,3,0.28,0,1.43,
863,forget,know,V,0.92,2.04,1.68,1,0.27,0,1.6,
864,create,imagine,V,5.13,2.62,1.53,1,0.27,0,1.7,
865,do,happen,V,4.23,2.46,1.78,1,0.27,0,1.02,
866,win,accomplish,V,7.85,2.67,2.33,1,0.27,0,0.8,
867,give,deny,V,1.43,2.83,2.2,1,0.27,0,1.36,
868,deserve,earn,V,5.8,1.69,2.39,1,0.23,0,0.62,
869,get,put,V,1.98,2.38,2.5,1,0.22,0,1.33,
870,locate,find,V,8.73,2.97,2.63,2,0.22,0,1.54,
871,appear,attend,V,6.28,3.13,3.17,2,0.22,0,1.47,
872,know,comprehend,V,7.63,1.68,1.86,1,0.21,0,1.39,0.5943911671638489
873,pretend,imagine,V,8.47,2.11,1.53,1,0.21,0,1.63,
874,satisfy,please,V,7.67,2.04,1.64,1,0.21,0,1.74,
875,cherish,keep,V,4.85,1.73,2.37,1,0.21,0,1.78,
876,argue,differ,V,5.15,2.75,1.59,1,0.21,0,1.22,
877,overcome,dominate,V,6.25,2.28,2.12,1,0.21,0,1.58,
878,behave,obey,V,7.3,1.78,2.67,1,0.21,0,1.24,
879,cooperate,participate,V,6.43,1.87,2.59,1,0.21,0,1.5,
880,achieve,try,V,4.42,2.29,2.22,1,0.21,0,1.14,
881,fail,discourage,V,3.33,3.0,1.9,1,0.21,0,1.2,0.8040719628334045
882,begin,quit,V,1.28,2.56,2.56,1,0.21,0,1.53,
883,say,participate,V,3.82,2.58,2.59,1,0.21,0,1.3,
884,come,bring,V,2.42,2.72,2.55,2,0.21,0,1.03,
885,declare,announce,V,9.08,2.0,3.31,2,0.21,0,1.56,0.5834143161773682
886,read,comprehend,V,4.7,3.56,1.86,2,0.21,0,1.75,
887,take,leave,V,2.47,3.06,2.53,2,0.21,0,0.8,
888,proclaim,announce,V,8.18,2.36,3.31,2,0.21,0,1.58,0.5501605272293091
889,acquire,obtain,V,8.57,2.93,3.0,2,0.21,0,1.96,0.4746723473072052
890,conclude,decide,V,7.75,1.78,1.92,1,0.2,0,1.17,
891,please,plead,V,2.98,1.64,2.59,1,0.2,0,1.18,
892,argue,prove,V,4.83,2.75,1.83,1,0.2,0,0.62,
893,ask,plead,V,6.47,2.52,2.59,1,0.2,0,1.62,
894,find,disappear,V,0.77,2.63,2.86,2,0.2,0,1.04,
895,inspect,examine,V,8.75,3.31,2.86,2,0.2,0,1.39,0.7226660847663879
896,verify,justify,V,4.08,2.1,1.45,1,0.17,0,1.11,
897,assume,predict,V,4.85,1.75,2.0,1,0.17,0,1.02,
898,learn,evaluate,V,4.17,2.2,1.85,1,0.17,0,0.88,0.7420631647109985
899,argue,justify,V,5.0,2.75,1.45,1,0.17,0,1.13,
900,make,become,V,4.77,2.67,1.54,1,0.17,0,0.82,
901,discover,originate,V,4.83,2.37,2.23,1,0.17,0,1.33,
902,achieve,succeed,V,7.5,2.29,2.33,1,0.17,0,1.29,
903,give,put,V,3.65,2.83,2.5,2,0.17,0,1.47,
904,understand,listen,V,4.68,2.28,3.47,2,0.17,0,1.66,
905,expand,grow,V,8.27,3.36,3.03,2,0.17,0,1.28,
906,borrow,sell,V,1.73,3.1,3.35,2,0.17,0,1.21,
907,keep,protect,V,5.4,2.37,2.86,2,0.15,0,1.26,0.6477839946746826
908,explain,prove,V,4.1,1.97,1.83,1,0.14,0,1.29,
909,assume,pretend,V,3.72,1.75,2.11,1,0.14,0,1.15,
910,agree,please,V,4.13,2.31,1.64,1,0.14,0,1.7,
911,forgive,forget,V,3.92,1.92,2.04,1,0.14,0,1.5,
912,clarify,explain,V,8.33,2.07,1.97,1,0.14,0,1.74,
913,understand,forgive,V,4.87,2.28,1.92,1,0.14,0,1.32,0.8305724859237671
914,remind,forget,V,0.87,2.19,2.04,1,0.14,0,1.56,
915,get,remain,V,1.6,2.38,1.96,1,0.14,0,1.68,
916,realize,discover,V,7.47,2.03,2.37,1,0.14,0,0.59,
917,require,inquire,V,1.82,2.07,2.38,1,0.14,0,1.06,0.7002072930335999
918,ignore,ask,V,1.07,2.22,2.52,1,0.14,0,1.27,
919,think,inquire,V,4.77,2.41,2.38,1,0.14,0,1.23,
920,reject,avoid,V,4.78,2.4,2.41,1,0.14,0,1.36,
921,argue,persuade,V,6.23,2.75,2.07,1,0.14,0,1.7,0.6690455079078674
922,pursue,persuade,V,3.17,2.83,2.07,1,0.14,0,1.39,
923,accept,forgive,V,3.73,3.03,1.92,1,0.14,0,1.75,
924,do,quit,V,1.17,2.46,2.56,1,0.14,0,1.81,
925,investigate,examine,V,8.1,2.27,2.86,1,0.14,0,1.31,
926,discuss,explain,V,6.67,3.17,1.97,1,0.14,0,1.53,0.6202786564826965
927,owe,lend,V,2.32,2.07,3.07,1,0.14,0,0.82,0.47800397872924805
928,explore,discover,V,8.48,2.9,2.37,2,0.14,0,1.33,
929,complain,argue,V,4.8,2.6,2.75,2,0.14,0,0.9,0.7729858756065369
930,withdraw,reject,V,6.38,3.04,2.4,2,0.14,0,1.97,
931,keep,borrow,V,2.25,2.37,3.1,2,0.14,0,1.29,
932,beg,ask,V,6.0,2.96,2.52,2,0.14,0,1.58,
933,arrange,organize,V,8.27,2.79,2.72,2,0.14,0,1.1,
934,reduce,shrink,V,8.02,2.0,3.55,2,0.14,0,1.82,
935,speak,acknowledge,V,4.67,3.7,2.03,2,0.14,0,1.47,
936,give,borrow,V,2.22,2.83,3.1,2,0.14,0,1.63,
937,kill,defend,V,2.63,3.9,2.31,2,0.14,0,0.85,
938,disappear,shrink,V,5.8,2.86,3.55,2,0.14,0,1.0,
939,deliver,carry,V,3.88,3.12,4.04,2,0.14,0,1.44,
940,breathe,choke,V,1.37,4.07,3.97,3,0.14,0,2.02,
941,acknowledge,notify,V,5.3,2.03,3.04,1,0.13,0,0.62,
942,become,seem,V,2.63,1.54,1.75,1,0.11,0,1.79,
943,pretend,seem,V,4.68,2.11,1.75,1,0.11,0,1.63,
944,accomplish,become,V,4.0,2.33,1.54,1,0.11,0,0.85,0.4451504945755005
945,contemplate,think,V,8.82,1.71,2.41,1,0.11,0,1.59,
946,determine,predict,V,5.8,2.13,2.0,1,0.11,0,1.37,0.5050297379493713
947,please,entertain,V,5.0,1.64,2.55,1,0.11,0,0.71,
948,remain,retain,V,5.75,1.96,2.32,1,0.11,0,1.12,
949,pretend,portray,V,7.03,2.11,2.18,1,0.11,0,1.64,
950,forget,retain,V,0.63,2.04,2.32,1,0.11,0,1.68,
951,want,choose,V,4.78,1.93,2.62,1,0.11,0,1.56,
952,lose,get,V,0.77,2.25,2.38,1,0.11,0,1.33,
953,try,think,V,2.62,2.22,2.41,1,0.11,0,1.45,
954,become,appear,V,4.77,1.54,3.13,1,0.11,0,1.51,
955,leave,ignore,V,4.42,2.53,2.22,1,0.11,0,1.33,
956,accept,recommend,V,2.75,3.03,1.74,1,0.11,0,1.01,
957,leave,wander,V,3.57,2.53,2.28,1,0.11,0,1.33,
958,keep,give,V,1.05,2.37,2.83,2,0.11,0,1.03,
959,give,allow,V,5.15,2.83,2.41,2,0.11,0,1.32,
960,bring,send,V,2.97,2.55,2.7,2,0.11,0,0.88,
961,absorb,learn,V,5.48,3.11,2.2,2,0.11,0,1.16,0.4726939797401428
962,acquire,find,V,6.38,2.93,2.63,2,0.11,0,1.74,
963,leave,appear,V,0.97,2.53,3.13,2,0.11,0,1.45,
964,create,destroy,V,0.63,2.62,3.08,2,0.11,0,1.1,
965,begin,go,V,7.42,2.56,3.15,2,0.11,0,1.24,
966,get,buy,V,5.08,2.38,3.35,2,0.11,0,1.02,
967,collect,save,V,6.67,3.34,2.42,2,0.11,0,0.44,
968,replace,restore,V,5.73,3.0,2.79,2,0.11,0,1.08,
969,join,add,V,8.1,2.86,3.0,2,0.11,0,0.88,
970,join,marry,V,5.35,2.86,3.03,2,0.11,0,1.41,
971,accept,deliver,V,1.58,3.03,3.12,2,0.11,0,1.37,
972,attach,join,V,7.75,3.33,2.86,2,0.11,0,0.94,
973,put,hang,V,3.0,2.5,3.7,2,0.11,0,1.49,
974,go,sell,V,0.97,3.15,3.35,2,0.11,0,0.9,
975,communicate,pray,V,3.55,3.43,3.21,2,0.11,0,1.38,0.8468589186668396
976,give,steal,V,0.5,2.83,3.84,2,0.11,0,0.62,
977,add,build,V,4.92,3.0,3.71,2,0.11,0,1.1,
978,bring,restore,V,2.62,2.55,2.79,2,0.1,0,0.74,
979,comprehend,satisfy,V,2.55,1.86,2.04,1,0.0,0,1.0,
980,portray,decide,V,1.18,2.18,1.92,1,0.0,0,1.37,
981,organize,become,V,1.77,2.72,1.54,1,0.0,0,1.86,
982,give,know,V,0.88,2.83,1.68,1,0.0,0,1.12,
983,say,verify,V,4.9,2.58,2.1,1,0.0,0,0.65,
984,cooperate,join,V,5.18,1.87,2.86,1,0.0,0,0.36,
985,arrange,require,V,0.98,2.79,2.07,1,0.0,0,1.72,0.43603819608688354
986,borrow,want,V,1.77,3.1,1.93,1,0.0,0,1.22,
987,investigate,pursue,V,7.15,2.27,2.83,1,0.0,0,0.56,
988,ignore,explore,V,0.4,2.22,2.9,1,0.0,0,1.19,
989,bring,complain,V,0.98,2.55,2.6,1,0.0,0,1.57,
990,enter,owe,V,0.68,3.12,2.07,1,0.0,0,1.67,
991,portray,notify,V,0.78,2.18,3.04,2,0.0,0,1.17,0.42253050208091736
992,remind,sell,V,0.4,2.19,3.35,2,0.0,0,1.61,
993,absorb,possess,V,5.0,3.11,2.6,2,0.0,0,1.15,
994,join,acquire,V,2.85,2.86,2.93,2,0.0,0,0.99,
995,send,attend,V,1.67,2.7,3.17,2,0.0,0,1.44,
996,gather,attend,V,4.8,2.75,3.17,2,0.0,0,1.97,
997,absorb,withdraw,V,2.97,3.11,3.04,2,0.0,0,1.75,
998,attend,arrive,V,6.08,3.17,3.22,2,0.0,0,1.18,
